split,group,accuracy,auc
test,DeepSeek-R1,0.9342299491553223,0.968373190828264
test,DeepSeek-V3,0.9771386430678466,0.9929241671477118
train,DeepSeek-R1,0.9350953652935939,0.9717302830369323
train,DeepSeek-V3,0.9804040924308759,0.9943866306571514
val,DeepSeek-R1,0.940626537641463,0.9721858294841188
val,DeepSeek-V3,0.9813176007866273,0.9956468963171127
