Variable,Group1_n,Group0_n,Group1_mean,Group0_mean,Group1_std,Group0_std,t_statistic,p_value,cohens_d,significant
fairness,760,660,0.5,0.5,0.14151448852019735,0.14152861552935878,0.0,1.0,0.0,False
choice,760,660,0.3144736842105263,0.23030303030303031,0.46461168490675053,0.4213460967221285,3.5547413150529086,0.00039077728063338657,0.1891356560031229,True
